A000020,동화약품
A000030,우리은행
A000040,KR모터스
A000050,경방
A000060,메리츠화재
A000070,삼양홀딩스
A000075,삼양홀딩스우
A000080,하이트진로
A000087,하이트진로2우B
A000100,유한양행
A000105,유한양행우
A000120,CJ대한통운
A000140,하이트진로홀딩스
A000145,하이트진로홀딩스우
A000150,두산
A000155,두산우
A000157,두산2우B
A000180,성창기업지주
A000210,대림산업
A000215,대림산업우
A000220,유유제약
A000225,유유제약1우
A000227,유유제약2우B
A000230,일동홀딩스
A000240,한국타이어월드와이드
A000270,기아차
A000300,대유플러스
A000320,노루홀딩스
A000325,노루홀딩스우
A000370,한화손해보험
A000390,삼화페인트
A000400,롯데손해보험
A000430,대원강업
A000480,조선내화
A000490,대동공업
A000500,가온전선
A000520,삼일제약
A000540,흥국화재
A000545,흥국화재우
A000547,흥국화재2우B
A000590,CS홀딩스
A000640,동아쏘시오홀딩스
A000650,천일고속
A000660,SK하이닉스
A000670,영풍
A000680,LS네트웍스
A000700,유수홀딩스
A000720,현대건설
A000725,현대건설우
A000760,이화산업
A000810,삼성화재
A000815,삼성화재우
A000850,화천기공
A000860,강남제비스코
A000880,한화
A000885,한화우
A00088K,한화3우B
A000890,보해양조
A000910,유니온
A000950,전방
A000970,한국주철관
A000990,DB하이텍
A000995,DB하이텍1우
A001020,페이퍼코리아
A001040,CJ
A001045,CJ우
A001060,JW중외제약
A001065,JW중외제약우
A001067,JW중외제약2우B
A001070,대한방직
A001080,만호제강
A001120,LG상사
A001130,대한제분
A001140,국보
A001200,유진투자증권
A001210,금호전기
A001230,동국제강
A001250,GS글로벌
A001260,남광토건
A001270,부국증권
A001275,부국증권우
A001290,골든브릿지증권
A001340,백광산업
A001360,삼성제약
A001380,SG충방
A001390,KG케미칼
A001420,태원물산
A001430,세아베스틸
A001440,대한전선
A001450,현대해상
A001460,BYC
A001465,BYC우
A001470,삼부토건
A001500,현대차투자증권
A001510,SK증권
A001515,SK증권우
A001520,동양
A001525,동양우
A001527,동양2우B
A001529,동양3우B
A001530,동일방직
A001550,조비
A001560,제일연마
A001570,금양
A001620,동국실업
A001630,종근당홀딩스
A001680,대상
A001685,대상우
A001720,신영증권
A001725,신영증권우
A001740,SK네트웍스
A001745,SK네트웍스우
A001750,한양증권
A001755,한양증권우
A001770,신화실업
A001780,알루코
A001790,대한제당
A001795,대한제당우
A001799,대한제당3우B
A001800,오리온홀딩스
A001820,삼화콘덴서
A001880,삼호
A001940,KISCO홀딩스
A002000,한국유리
A002005,한국유리우
A002020,코오롱
A002025,코오롱우
A002030,아세아
A002070,남영비비안
A002100,경농
A002140,고려산업
A002150,도화엔지니어링
A002170,삼양통상
A002200,수출포장
A002210,동성제약
A002220,한일철강
A002240,고려제강
A002250,알보젠코리아
A002270,롯데푸드
A002300,한국제지
A002310,아세아제지
A002320,한진
A002350,넥센타이어
A002355,넥센타이어1우B
A002360,SH에너지화학
A002380,KCC
A002390,한독
A002410,범양건영
A002420,세기상사
A002450,삼익악기
A002460,화성산업
A002600,조흥
A002620,제일파마홀딩스
A002630,오리엔트바이오
A002690,동일제강
A002700,신일산업
A002710,TCC동양
A002720,국제약품
A002760,보락
A002780,진흥기업
A002785,진흥기업우B
A002787,진흥기업2우B
A002790,아모레G
A002795,아모레G우
A002810,삼영무역
A002820,선창산업
A002840,미원상사
A002870,신풍제지
A002880,대유에이텍
A002900,동양물산
A002920,유성기업
A002960,한국쉘석유
A002990,금호산업
A002995,금호산업우
A003000,부광약품
A003010,혜인
A003030,세아제강
A003060,에이프로젠제약
A003070,코오롱글로벌
A003075,코오롱글로벌우
A003080,성보화학
A003090,대웅
A003120,일성신약
A003160,디아이
A003200,일신방직
A003220,대원제약
A003230,삼양식품
A003240,태광산업
A003280,흥아해운
A003300,한일시멘트
A003350,한국화장품제조
A003410,쌍용양회
A003415,쌍용양회우
A003460,유화증권
A003465,유화증권우
A003470,유안타증권
A003475,유안타증권우
A003480,한진중공업홀딩스
A003490,대한항공
A003495,대한항공우
A003520,영진약품
A003530,한화투자증권
A003535,한화투자증권우
A003540,대신증권
A003545,대신증권우
A003547,대신증권2우B
A003550,LG
A003555,LG우
A003560,IHQ
A003570,S&T중공업
A003580,동원
A003610,방림
A003620,쌍용차
A003650,미창석유
A003680,한성기업
A003690,코리안리
A003720,삼영화학
A003780,진양산업
A003830,대한화섬
A003850,보령제약
A003920,남양유업
A003925,남양유업우
A003960,사조대림
A004000,롯데정밀화학
A004020,현대제철
A004060,SG세계물산
A004080,신흥
A004090,한국석유
A004100,태양금속
A004105,태양금속우
A004130,대덕GDS
A004135,대덕GDS우
A004140,동방
A004150,한솔홀딩스
A004170,신세계
A004200,고려개발
A004250,NPC
A004255,NPC우
A004270,남성
A004310,현대약품
A004360,세방
A004365,세방우
A004370,농심
A004380,삼익THK
A004410,서울식품
A004415,서울식품우
A004430,송원산업
A004440,대림씨엔에스
A004450,삼화왕관
A004490,세방전지
A004540,깨끗한나라
A004545,깨끗한나라우
A004560,현대비앤지스틸
A004565,현대비앤지스틸우
A004690,삼천리
A004700,조광피혁
A004710,한솔테크닉스
A004720,우리들제약
A004770,써니전자
A004800,효성
A004830,덕성
A004835,덕성우
A004840,DRB동일
A004870,티웨이홀딩스
A004890,동일산업
A004910,조광페인트
A004920,씨아이테크
A004960,한신공영
A004970,신라교역
A004980,성신양회
A004985,성신양회우
A004987,성신양회2우B
A004989,성신양회3우B
A004990,롯데지주
A00499K,롯데지주우
A005010,휴스틸
A005030,부산주공
A005070,코스모신소재
A005090,삼광글라스
A005110,한창
A005180,빙그레
A005190,동성화학
A005250,녹십자홀딩스
A005257,녹십자홀딩스2우
A005300,롯데칠성
A005305,롯데칠성우
A005320,국동
A005360,모나미
A005380,현대차
A005385,현대차우
A005387,현대차2우B
A005389,현대차3우B
A005390,신성통상
A005420,코스모화학
A005430,한국공항
A005440,현대그린푸드
A005450,신한
A005490,POSCO
A005500,삼진제약
A005610,SPC삼립
A005680,삼영전자
A005690,파미셀
A005720,넥센
A005725,넥센우
A005740,크라운해태홀딩스
A005745,크라운해태홀딩스우
A005750,대림B&Co
A005800,신영와코루
A005810,풍산홀딩스
A005820,원림
A005830,DB손해보험
A005850,에스엘
A005870,휴니드
A005880,대한해운
A005930,삼성전자
A005935,삼성전자우
A005940,NH투자증권
A005945,NH투자증권우
A005950,이수화학
A005960,동부건설
A005965,동부건설우
A005980,성지건설
A006040,동원산업
A006060,화승인더
A006090,사조오양
A006110,삼아알미늄
A006120,SK디스커버리
A006125,SK디스커버리우
A006200,한국전자홀딩스
A006220,제주은행
A006260,LS
A006280,녹십자
A006340,대원전선
A006345,대원전선우
A006360,GS건설
A006370,대구백화점
A006380,카프로
A006390,현대시멘트
A006400,삼성SDI
A006405,삼성SDI우
A006490,인스코비
A006570,대림통상
A006650,대한유화
A006660,삼성공조
A006740,영풍제지
A006800,미래에셋대우
A006805,미래에셋대우우
A006840,AK홀딩스
A006880,신송홀딩스
A006890,태경화학
A006980,우성사료
A007070,GS리테일
A007110,일신석재
A007120,미래아이앤지
A007160,사조산업
A007210,벽산
A007280,한국특수형강
A007310,오뚜기
A007340,디티알오토모티브
A007460,에이프로젠KIC
A007540,샘표
A007570,일양약품
A007575,일양약품우
A007590,동방아그로
A007610,선도전기
A007630,암니스
A007660,이수페타시스
A007690,국도화학
A007700,F&F
A007810,코리아써키트
A007815,코리아써우
A00781K,코리아써키트2우B
A007860,서연
A007980,태평양물산
A008000,도레이케미칼
A008040,사조동아원
A008060,대덕전자
A008110,대동전자
A008250,이건산업
A008260,NI스틸
A008350,남선알미늄
A008355,남선알미우
A008420,문배철강
A008490,서흥
A008500,일정실업
A008560,메리츠종금증권
A008600,윌비스
A008700,아남전자
A008730,율촌화학
A008770,호텔신라
A008775,호텔신라우
A008870,금비
A008930,한미사이언스
A008970,동양철관
A009070,KCTC
A009140,경인전자
A009150,삼성전기
A009155,삼성전기우
A009160,SIMPAC
A009180,한솔로지스틱스
A009190,대양금속
A009200,무림페이퍼
A009240,한샘
A009270,신원
A009275,신원우
A009290,광동제약
A009310,참엔지니어링
A009320,대우부품
A009410,태영건설
A009415,태영건설우
A009420,한올바이오파마
A009440,KC그린홀딩스
A009450,경동나비엔
A009460,한창제지
A009470,삼화전기
A009540,현대중공업
A009580,무림P&P
A009680,모토닉
A009770,삼정펄프
A009810,엔케이물산
A009830,한화케미칼
A009835,한화케미칼우
A009970,영원무역홀딩스
A010040,한국내화
A010050,우리종금
A010060,OCI
A010100,한국프랜지
A010120,LS산전
A010130,고려아연
A010140,삼성중공업
A010145,삼성중공우
A010420,한솔PNS
A010580,지코
A010600,와이비로드
A010620,현대미포조선
A010640,진양폴리
A010660,화천기계
A010690,화신
A010770,평화홀딩스
A010780,아이에스동서
A010820,퍼스텍
A010950,S-Oil
A010955,S-Oil우
A010960,삼호개발
A011000,진원생명과학
A011070,LG이노텍
A011090,에넥스
A011150,CJ씨푸드
A011155,CJ씨푸드1우
A011160,두산건설
A011170,롯데케미칼
A011200,현대상선
A011210,현대위아
A011230,삼화전자
A011280,태림포장
A011300,성안
A011330,유니켐
A011390,부산산업
A011420,갤럭시아에스엠
A011500,한농화성
A011690,유양디앤유
A011700,한신기계
A011760,현대상사
A011780,금호석유
A011785,금호석유우
A011790,SKC
A011810,STX
A011930,신성이엔지
A012030,DB
A012160,영흥철강
A012170,키위미디어그룹
A012200,계양전기
A012205,계양전기우
A012280,영화금속
A012320,경동인베스트
A012330,현대모비스
A012450,한화테크윈
A012510,더존비즈온
A012600,청호컴넷
A012610,경인양행
A012630,현대산업
A012690,모나리자
A012750,에스원
A012800,대창
A013000,세우글로벌
A013360,일성건설
A013367,일성건설2우B
A013520,화승알앤에이
A013570,디와이
A013580,계룡건설
A013700,까뮤이앤씨
A013870,지엠비코리아
A014130,한익스프레스
A014160,대영포장
A014280,금강공업
A014285,금강공업우
A014440,영보화학
A014530,극동유화
A014580,백광소재
A014680,한솔케미칼
A014710,사조씨푸드
A014790,한라
A014820,동원시스템즈
A014825,동원시스템즈우
A014830,유니드
A014910,성문전자
A014915,성문전자우
A014990,인디에프
A015020,이스타코
A015230,대창단조
A015260,에이엔피
A015350,부산가스
A015360,예스코
A015540,메디플란트
A015590,대경기계
A015760,한국전력
A015860,일진홀딩스
A015890,태경산업
A016090,대현
A016360,삼성증권
A016380,동부제철
A016385,동부제철우
A016450,한세예스24홀딩스
A016580,환인제약
A016590,신대양제지
A016610,DB금융투자
A016710,대성홀딩스
A016740,두올
A016800,퍼시스
A016880,웅진
A017040,광명전기
A017180,명문제약
A017370,우신시스템
A017390,서울가스
A017550,수산중공업
A017670,SK텔레콤
A017800,현대엘리베이
A017810,풀무원
A017900,광전자
A017940,E1
A017960,한국카본
A018260,삼성에스디에스
A018470,조일알미늄
A018500,동원금속
A018670,SK가스
A018880,한온시스템
A019170,신풍제약
A019175,신풍제약우
A019180,티에이치엔
A019440,세아특수강
A019490,하이트론
A019680,대교
A019685,대교우B
A020000,한섬
A020120,다우인큐브
A020150,일진머티리얼즈
A020560,아시아나항공
A020760,일진디스플
A021050,서원
A021240,코웨이
A021820,세원정공
A023000,삼원강재
A023150,MH에탄올
A023350,한국종합기술
A023450,동남합성
A023530,롯데쇼핑
A023590,다우기술
A023800,인지컨트롤스
A023810,인팩
A023960,에쓰씨엔지니어링
A024070,WISCOM
A024090,디씨엠
A024110,기업은행
A024720,한국콜마홀딩스
A024890,대원화성
A024900,덕양산업
A025000,KPX케미칼
A025530,SJM홀딩스
A025540,한국단자
A025560,미래산업
A025620,제이준코스메틱
A025750,한솔홈데코
A025820,이구산업
A025860,남해화학
A025890,한국주강
A026890,디피씨
A026940,부국철강
A026960,동서
A027390,한화갤러리아타임월드
A027410,BGF
A027740,마니커
A027970,세하
A028050,삼성엔지니어링
A028100,동아지질
A028260,삼성물산
A02826K,삼성물산우B
A028670,팬오션
A029460,케이씨
A029530,신도리코
A029780,삼성카드
A030000,제일기획
A030200,KT
A030210,KTB투자증권
A030610,교보증권
A030720,동원수산
A030790,동양네트웍스
A031430,신세계인터내셔날
A031440,신세계푸드
A031820,콤텍시스템
A032350,롯데관광개발
A032560,황금에스티
A032640,LG유플러스
A032830,삼성생명
A033180,필룩스
A033240,자화전자
A033250,체시스
A033270,유나이티드제약
A033530,세종공업
A033660,아주캐피탈
A033780,KT&G
A033920,무학
A034020,두산중공업
A034120,SBS
A034220,LG디스플레이
A034300,신세계건설
A034310,NICE
A034590,인천도시가스
A034730,SK
A03473K,SK우
A034830,한국토지신탁
A035000,지투알
A035150,백산
A035250,강원랜드
A035420,NAVER
A035510,신세계 I&C
A035720,카카오
A036460,한국가스공사
A036530,S&T홀딩스
A036570,엔씨소프트
A036580,팜스코
A037270,YG PLUS
A037560,CJ헬로
A037710,광주신세계
A039130,하나투어
A039490,키움증권
A039570,아이콘트롤스
A041650,상신브레이크
A042660,대우조선해양
A042670,두산인프라코어
A042700,한미반도체
A044380,주연테크
A044450,KSS해운
A044820,코스맥스비티아이
A047040,대우건설
A047050,포스코대우
A047400,유니온머티리얼
A047810,한국항공우주
A049770,동원F&B
A049800,우진플라임
A051600,한전KPS
A051630,진양화학
A051900,LG생활건강
A051905,LG생활건강우
A051910,LG화학
A051915,LG화학우
A052690,한전기술
A053210,스카이라이프
A053690,한미글로벌
A055490,테이팩스
A055550,신한지주
A057050,현대홈쇼핑
A058430,포스코강판
A058650,세아홀딩스
A058730,동아에스텍
A058850,KTcs
A058860,케이티스
A060980,한라홀딩스
A063160,종근당바이오
A064350,현대로템
A064960,S&T모티브
A066570,LG전자
A066575,LG전자우
A067830,세이브존I&C
A068290,삼성출판사
A068400,AJ렌터카
A069260,휴켐스
A069460,대호에이엘
A069500,KODEX 200
A069620,대웅제약
A069640,한세엠케이
A069660,KOSEF 200
A069730,DSR제강
A069960,현대백화점
A070960,용평리조트
A071050,한국금융지주
A071055,한국금융지주우
A071090,하이스틸
A071320,지역난방공사
A071840,롯데하이마트
A071950,코아스
A071970,STX중공업
A072130,유엔젤
A072710,농심홀딩스
A073240,금호타이어
A074610,나노메딕스
A075180,새론오토모티브
A075580,세진중공업
A077500,유니퀘스트
A077970,STX엔진
A078000,텔코웨어
A078520,에이블씨엔씨
A078930,GS
A078935,GS우
A079160,CJ CGV
A079430,현대리바트
A079440,아이엔지생명
A079550,LIG넥스원
A079660,사조해표
A079980,휴비스
A081000,일진다이아
A081660,휠라코리아
A082640,동양생명
A082740,두산엔진
A083370,동북아12호
A083380,동북아13호
A083420,KPX그린케미칼
A084010,대한제강
A084670,동양고속
A084680,이월드
A084690,대상홀딩스
A084695,대상홀딩스우
A084870,TBH글로벌
A085310,엔케이
A085620,미래에셋생명
A086280,현대글로비스
A086790,하나금융지주
A088350,한화생명
A088790,진도
A088980,맥쿼리인프라
A089470,현대EP
A089590,제주항공
A090080,평화산업
A090350,노루페인트
A090355,노루페인트우
A090370,아비스타
A090430,아모레퍼시픽
A090435,아모레퍼시픽우
A091090,세원셀론텍
A091160,KODEX 반도체
A091170,KODEX 은행
A091180,KODEX 자동차
A091210,TIGER KRX100
A091220,TIGER 은행
A091230,TIGER 반도체
A092200,디아이씨
A092220,KEC
A092230,KPX홀딩스
A092440,기신정기
A092780,동양피스톤
A093050,LF
A093230,이아이디
A093240,형지엘리트
A093370,후성
A094280,효성ITX
A094800,맵스리얼티1
A095570,AJ네트웍스
A095720,웅진씽크빅
A096300,베트남개발1
A096760,JW홀딩스
A096770,SK이노베이션
A096775,SK이노베이션우
A097230,한진중공업
A097750,TREX 중소형가치
A097950,CJ제일제당
A097955,CJ제일제당 우
A098560,TIGER 방송통신
A099140,KODEX China H
A099340,하나니켈1호
A099350,하나니켈2호
A100220,비상교육
A100250,진양홀딩스
A100840,S&TC
A100910,KOSEF KRX100
A101060,SBS미디어홀딩스
A101140,아티스
A101280,KODEX 일본TOPIX100
A101530,해태제과식품
A102110,TIGER 200
A102260,동성코퍼레이션
A102280,쌍방울
A102460,이연제약
A102780,KODEX 삼성그룹
A102960,KODEX 기계장비
A102970,KODEX 증권
A103130,웅진에너지
A103140,풍산
A103590,일진전기
A104520,KOSEF 블루칩
A104530,KOSEF 고배당
A104700,한국철강
A105010,TIGER 라틴35
A105190,KINDEX 200
A105560,KB금융
A105630,한세실업
A105780,KBSTAR 5대그룹주
A105840,우진
A107590,미원홀딩스
A108450,KINDEX 삼성그룹섹터가중
A108590,TREX 200
A108670,LG하우시스
A108675,LG하우시스우
A109070,KGP
A111110,호전실업
A111770,영원무역
A112610,씨에스윈드
A114090,GKL
A114100,KBSTAR 국고채3년
A114260,KODEX 국고채3년
A114460,KINDEX 중기국고채
A114470,KOSEF 국고채3년
A114800,KODEX 인버스
A114820,TIGER 국채3년
A115390,락앤락
A117460,KODEX 에너지화학
A117580,대성에너지
A117680,KODEX 철강
A117690,TIGER 차이나항셍25
A117700,KODEX 건설
A118000,우리들휴브레인
A119650,KC코트렐
A120030,조선선재
A120110,코오롱인더
A120115,코오롱인더우
A122090,ARIRANG 코스피50
A122260,KOSEF 통안채1년
A122630,KODEX 레버리지
A122900,아이마켓코리아
A123310,TIGER 인버스
A123320,TIGER 레버리지
A123690,한국화장품
A123700,SJM
A123890,한국자산신탁
A126560,현대에이치씨엔
A128820,대성산업
A128940,한미약품
A129260,인터지스
A130660,한전산업
A130680,TIGER 원유선물Enhanced(H)
A130730,KOSEF 단기자금
A131890,KINDEX 삼성그룹동일가중
A132030,KODEX 골드선물(H)
A133690,TIGER 미국나스닥100
A133820,화인베스틸
A134380,미원화학
A134790,팀스
A136340,KBSTAR 중기우량회사채
A136490,선진
A137610,TIGER 농산물선물Enhanced(H)
A137930,마이다스 200커버드콜5%OTM
A138040,메리츠금융지주
A138230,KOSEF 미국달러선물
A138250,엔에스쇼핑
A138490,코오롱플라스틱
A138520,TIGER 삼성그룹펀더멘털
A138530,TIGER LG그룹+펀더멘털
A138540,TIGER 현대차그룹+펀더멘털
A138910,KODEX 구리선물(H)
A138920,KODEX 콩선물(H)
A138930,BNK금융지주
A139130,DGB금융지주
A139220,TIGER 200 건설
A139230,TIGER 200 중공업
A139240,TIGER 200 철강소재
A139250,TIGER 200 에너지화학
A139260,TIGER 200 IT
A139270,TIGER 200 금융
A139280,TIGER 경기방어
A139290,TIGER 200 경기소비재
A139310,TIGER 금속선물(H)
A139320,TIGER 금은선물(H)
A139480,이마트
A139660,KOSEF 미국달러선물인버스
A140570,KBSTAR 수출주
A140580,KBSTAR 우량업종
A140700,KODEX 보험
A140710,KODEX 운송
A140890,트러스제7호
A140910,에이리츠
A140950,파워 코스피100
A141240,ARIRANG 코스피100동일가중
A143210,핸즈코퍼레이션
A143460,KINDEX 밸류대형
A143850,TIGER 미국S&P500선물(H)
A143860,TIGER 헬스케어
A144600,KODEX 은선물(H)
A144620,코오롱머티리얼
A145210,세화아이엠씨
A145270,케이탑리츠
A145670,KINDEX 인버스
A145720,덴티움
A145850,TREX 펀더멘탈 200
A145990,삼양사
A145995,삼양사우
A147970,TIGER 모멘텀
A148020,KBSTAR 200
A148070,KOSEF 국고채10년
A150460,TIGER 중국소비테마
A152100,ARIRANG 200
A152180,TIGER 생활필수품
A152280,KOSEF 200 선물
A152330,코리아오토글라스
A152380,KODEX 국채선물10년
A152500,KINDEX 레버리지
A152550,한국ANKOR유전
A152870,파워 200
A153130,KODEX 단기채권
A153270,KOSEF 코스피100
A153360,하이골드3호
A155660,DSR
A155900,바다로19호
A156080,KODEX MSCI Korea
A157450,TIGER 단기통안채
A157490,TIGER 소프트웨어
A157500,TIGER 증권
A157510,TIGER 자동차
A157520,TIGER 화학
A159650,하이골드8호
A159800,마이티 코스피100
A160580,TIGER 구리실물
A161000,애경유화
A161390,한국타이어
A161510,ARIRANG 고배당주
A161890,한국콜마
A163560,동일고무벨트
A166400,TIGER 200커버드콜5%OTM
A167860,KOSEF 국고채10년레버리지
A168300,KTOP 코스피50
A168490,한국패러랠
A168580,KINDEX 중국본토CSI300
A169950,KODEX 중국본토 A50
A170350,TIGER 베타플러스
A170900,동아에스티
A172580,하이골드12호
A174350,TIGER 로우볼
A174360,KBSTAR 중국본토대형주CSI100
A175330,JB금융지주
A176710,파워 중기국고채
A176950,KODEX 국채선물10년인버스
A180640,한진칼
A18064K,한진칼우
A181480,KINDEX 미국다우존스리츠(합성 H)
A181710,NHN엔터테인먼트
A182480,TIGER 미국MSCI리츠(합성 H)
A182490,TIGER 단기선진하이일드(합성 H)
A183190,아세아시멘트
A183700,KBSTAR 채권혼합
A183710,KBSTAR 주식혼합
A185680,KODEX 미국S&P바이오(합성)
A185750,종근당
A189400,ARIRANG 글로벌MSCI(합성 H)
A190150,ARIRANG 바벨 채권
A190160,ARIRANG 단기유동성
A190620,KINDEX 단기통안채
A192090,TIGER 차이나CSI300
A192400,쿠쿠홀딩스
A192530,광주은행
A192720,파워 고배당저변동성
A192820,코스맥스
A194370,제이에스코퍼레이션
A195870,해성디에스
A195920,TIGER 일본TOPIX(합성 H)
A195930,TIGER 유로스탁스50(합성 H)
A195970,ARIRANG 선진국MSCI(합성 H)
A195980,ARIRANG 신흥국MSCI(합성 H)
A196030,KINDEX 일본TOPIX레버리지(H)
A196220,KBSTAR 일본TOPIX레버리지(H)
A196230,KBSTAR 단기통안채
A200020,KODEX 미국S&P IT(합성)
A200030,KODEX 미국S&P산업재(합성)
A200040,KODEX 미국S&P금융(합성)
A200050,KODEX 독일MSCI(합성)
A200250,KOSEF 인도Nifty50(합성)
A200880,서연이화
A203780,TIGER 미국나스닥바이오
A204210,모두투어리츠
A204320,만도
A204420,ARIRANG 차이나H 레버리지(합성 H)
A204450,KODEX China H 레버리지(H)
A204480,TIGER 차이나CSI300레버리지(합성)
A205720,KINDEX 일본TOPIX인버스(합성 H)
A207940,삼성바이오로직스
A208470,SMART 선진국MSCI World(합성 H)
A210540,디와이파워
A210780,TIGER 코스피고배당
A210980,SK디앤디
A211210,마이티 코스피고배당
A211260,KINDEX 배당성장
A211560,TIGER 배당성장
A211900,KODEX 배당성장
A213500,한솔제지
A213610,KODEX 삼성그룹밸류
A213630,ARIRANG 미국다우존스고배당주(합성 H)
A214320,이노션
A214330,금호에이치티
A214390,경보제약
A214420,토니모리
A214980,KODEX 단기채권PLUS
A215620,흥국 S&P코리아로우볼
A217770,TIGER 원유선물인버스(H)
A217780,TIGER 차이나CSI300인버스(합성)
A217790,TIGER 가격조정
A218420,KODEX 미국S&P에너지(합성)
A219390,KBSTAR 미국S&P원유생산기업(합성 H)
A219480,KODEX 미국S&P500선물(H)
A219900,KINDEX 중국본토CSI300레버리지(합성)
A220130,SMART 중국본토 중소형 CSI500(합성 H)
A222170,ARIRANG S&P한국배당성장
A222180,ARIRANG 스마트베타 Value
A222190,ARIRANG 스마트베타 Momentum
A222200,ARIRANG 스마트베타 Quality
A223190,KODEX 200가치저변동
A225030,TIGER 미국S&P500선물인버스(H)
A225040,TIGER 미국S&P500레버리지(합성 H)
A225050,TIGER 유로스탁스레버리지(합성 H)
A225060,TIGER 이머징마켓MSCI레버리지(합성 H)
A225130,KINDEX 골드선물 레버리지(합성 H)
A225800,KOSEF 미국달러선물 레버리지(합성)
A226320,잇츠한불
A226380,KINDEX 한류
A226490,KODEX 코스피
A226810,파워 단기채
A226980,KODEX 200 중소형
A227540,TIGER 200 헬스케어
A227550,TIGER 200 산업재
A227560,TIGER 200 생활소비재
A227570,TIGER 우량가치
A227830,ARIRANG 코스피
A227840,현대코퍼레이션홀딩스
A228790,TIGER 화장품
A228800,TIGER 여행레저
A228810,TIGER 미디어컨텐츠
A228820,TIGER KTOP30
A229200,KODEX 코스닥 150
A229640,LS전선아시아
A229720,KODEX KTOP30
A230480,KOSEF 미국달러선물 인버스2X(합성)
A232080,TIGER 코스닥150
A232590,KINDEX 골드선물 인버스2X(합성 H)
A233160,TIGER 코스닥150 레버리지
A233740,KODEX 코스닥150 레버리지
A234080,JW생명과학
A234310,KBSTAR V&S셀렉트밸류
A236350,TIGER 인도니프티50레버리지(합성)
A236460,ARIRANG 스마트베타 LowVOL
A237350,KODEX 코스피100
A237370,KODEX 배당성장채권혼합
A237440,TIGER 경기방어채권혼합
A238670,ARIRANG 스마트베타Quality채권혼합
A238720,KINDEX 일본Nikkei225(H)
A239660,ARIRANG 우량회사채50 1년
A241180,TIGER 일본니케이225
A241390,KBSTAR V&S셀렉트밸류채권혼합
A241560,두산밥캣
A241590,화승엔터프라이즈
A243880,TIGER 200IT레버리지
A243890,TIGER 200에너지화학레버리지
A244580,KODEX 바이오
A244620,KODEX 모멘텀Plus
A244660,KODEX 퀄리티Plus
A244670,KODEX 밸류Plus
A244820,ARIRANG 스마트베타4종결합
A245340,TIGER 미국다우존스30
A245350,TIGER 유로스탁스배당30
A245360,TIGER 차이나HSCEI
A245710,KINDEX 베트남VN30(합성)
A247780,KODEX 가치투자
A247790,KODEX 성장투자
A247800,KODEX 턴어라운드투자
A248170,샘표식품
A248260,TIGER 일본TOPIX헬스케어(합성)
A248270,TIGER S&P글로벌헬스케어(합성)
A249420,일동제약
A250730,KBSTAR 차이나H주(H)
A250780,TIGER 코스닥150선물인버스
A251270,넷마블게임즈
A251340,KODEX 코스닥150선물인버스
A251350,KODEX 선진국MSCI World
A251590,ARIRANG 고배당저변동50
A251600,ARIRANG 고배당주채권혼합
A251890,KINDEX 코스닥(합성)
A252000,TIGER 200동일가중
A252400,KBSTAR 200선물레버리지
A252410,KBSTAR 200선물인버스
A252420,KBSTAR 200선물인버스2X
A252650,KODEX 200동일가중
A252670,KODEX 200선물인버스2X
A252710,TIGER 200선물인버스2X
A252720,KBSTAR 모멘텀밸류
A252730,KBSTAR 모멘텀로우볼
A253150,ARIRANG 200선물레버리지
A253160,ARIRANG 200선물인버스2X
A253230,KOSEF 200선물인버스2X
A253240,KOSEF 200선물인버스
A253250,KOSEF 200선물레버리지
A253280,KBSTAR 헬스케어
A253290,KBSTAR 헬스케어채권혼합
A253990,TIGER 대만TAIEX선물(H)
A256440,KINDEX 인도네시아MSCI(합성)
A256450,ARIRANG 심천차이넥스트(합성)
A256750,KODEX 심천ChiNext(합성)
A260200,KOSEF 배당바이백Plus
A260270,KOSEF 저PBR가중
A261060,TIGER 코스닥150IT
A261070,TIGER 코스닥150바이오테크
A261110,TIGER 미국달러선물레버리지
A261120,TIGER 미국달러선물인버스2X
A261140,TIGER 우선주
A261220,KODEX WTI원유선물(H)
A261240,KODEX 미국달러선물
A261250,KODEX 미국달러선물레버리지
A261260,KODEX 미국달러선물인버스2X
A261270,KODEX 미국달러선물인버스
A261920,KINDEX 필리핀MSCI(합성)
A263190,ARIRANG 단기우량채권
A264900,크라운제과
A26490K,크라운제과우
A265690,KINDEX 러시아MSCI(합성)
A266140,TIGER 지속배당
A266160,KBSTAR 고배당
A266360,KODEX IT소프트웨어
A266370,KODEX IT하드웨어
A266390,KODEX 경기소비재
A266410,KODEX 필수소비재
A266420,KODEX 헬스케어
A266550,ARIRANG 중형주저변동50
A267250,현대로보틱스
A267260,현대일렉트릭
A267270,현대건설기계
A267290,경동도시가스
A267300,TIGER 코스닥150로우볼
A267440,KBSTAR 미국장기국채선물(H)
A267450,KBSTAR 미국장기국채선물인버스(H)
A267490,KBSTAR 미국장기국채선물레버리지(합성 H)
A267500,KBSTAR 미국장기국채선물인버스2X(합성 H)
A267770,TIGER 200선물레버리지
A268280,미원에스씨
A269370,TIGER S&P글로벌인프라(합성)
A269420,KODEX S&P글로벌인프라(합성)
A269530,ARIRANG S&P글로벌인프라
A269540,ARIRANG 미국S&P500(H)
A270800,KBSTAR KQ고배당
A270810,KBSTAR 코스닥150
A271050,KODEX WTI원유선물인버스(H)
A271060,KODEX 3대농산물선물(H)
A271560,오리온
A271980,제일약품
A272220,KINDEX 스마트모멘텀
A272230,KINDEX 스마트밸류
A272450,진에어
A272550,삼양패키징
A272560,KBSTAR 단기국공채액티브
A272570,KBSTAR 중장기국공채액티브
A272580,TIGER 단기채권액티브
A272910,KINDEX 중장기국공채액티브
A273130,KODEX 종합채권(AA-이상)액티브
A273140,KODEX 단기변동금리부채권액티브
A275280,KODEX MSCI모멘텀
A275290,KODEX MSCI밸류
A275300,KODEX MSCI퀄리티
A275540,파워 스마트밸류
A275750,KBSTAR 코스닥150선물인버스
A275980,TIGER 글로벌4차산업혁신기술(합성 H)
A276000,TIGER 글로벌자원생산기업(합성 H)
A276650,KBSTAR 글로벌4차산업IT(합성 H)
A276970,KODEX 미국S&P고배당커버드콜(합성 H)
A276990,KODEX 글로벌4차산업로보틱스(합성)
A277540,KINDEX S&P아시아TOP50
A277630,TIGER 코스피
A277640,TIGER 코스피대형주
A277650,TIGER 코스피중형주
A278240,KBSTAR 코스닥150선물레버리지
A278420,ARIRANG ESG우수기업
A278530,KODEX 200TR
A278540,KODEX MSCI Korea TR
A278620,ARIRANG 단기채권액티브
A279530,KODEX 고배당
A279540,KODEX 최소변동성
A280320,KINDEX 미국4차산업인터넷(합성 H)
A280360,롯데제과
A280920,ARIRANG 주도업종
A280930,KODEX 미국러셀2000(H)
A280940,KODEX 골드선물인버스(H)
A281820,케이씨텍
A281990,KBSTAR 중소형고배당
A282000,KBSTAR 국고채3년선물인버스
A282330,BGF리테일
A282690,동아타이어
A283580,KODEX 중국본토CSI300
A283930,KBSTAR 지주회사
A284430,KODEX 200미국채혼합
A284740,쿠쿠홈시스
A284980,KBSTAR 200금융
A284990,KBSTAR 200에너지화학
A285000,KBSTAR 200IT
A285010,KBSTAR 200중공업
A285020,KBSTAR 200철강소재
A285130,SK케미칼
A28513K,SK케미칼우
A285690,FOCUS ESG리더스
A287180,ARIRANG 미국나스닥기술주
A287300,KBSTAR 200건설
A287310,KBSTAR 200경기소비재
A287320,KBSTAR 200산업재
A287330,KBSTAR 200생활소비재
A900140,코라오홀딩스
Q500001,신한 K200 USD 선물 바이셀 ETN
Q500002,신한 USD K200 선물 바이셀 ETN
Q500003,신한 인버스 WTI원유 선물 ETN(H)
Q500004,신한 브렌트원유 선물 ETN(H)
Q500005,신한 인버스 브렌트원유 선물 ETN(H)
Q500006,신한 인버스 금 선물 ETN(H)
Q500007,신한 인버스 은 선물 ETN(H)
Q500008,신한 인버스 구리 선물 ETN(H)
Q500009,신한 다우존스지수 선물 ETN(H)
Q500010,신한 인버스 다우존스지수 선물 ETN(H)
Q500011,신한 달러인덱스 선물 ETN(H)
Q500012,신한 인버스 달러인덱스 선물 ETN(H)
Q500013,신한 옥수수 선물 ETN(H)
Q500014,신한 인버스 옥수수 선물 ETN(H)
Q500015,신한 WTI원유 선물 ETN(H)
Q500016,신한 금 선물 ETN(H)
Q500017,신한 은 선물 ETN(H)
Q500018,신한 구리 선물 ETN(H)
Q500019,신한 레버리지 WTI원유 선물 ETN(H)
Q500020,신한 레버리지 다우존스지수 선물 ETN(H)
Q500021,신한 천연가스 선물 ETN(H)
Q500022,신한 인버스 천연가스 선물 ETN(H)
Q500023,신한 콩 선물 ETN(H)
Q500024,신한 인버스 콩 선물 ETN(H)
Q500025,신한 MSCI 인도네시아 선물 ETN(H)
Q500026,신한 인버스 MSCI 인도네시아 선물 ETN(H)
Q500027,신한 인버스 2X WTI원유 선물 ETN(H)
Q500028,신한 인버스 2X 다우존스지수 선물 ETN(H)
Q500029,신한 레버리지 은 선물 ETN(H)
Q500030,신한 인버스 2X 은 선물 ETN(H)
Q500031,신한 레버리지 천연가스 선물 ETN(H)
Q500032,신한 인버스 2X 천연가스 선물 ETN(H)
Q500033,신한 K200 C-SP 1812-01 ETN
Q510001,대신 WTI원유 선물 ETN(H)
Q510002,대신 아연선물 ETN(H)
Q510003,대신 니켈선물 ETN(H)
Q510004,대신 인버스 아연선물 ETN(H)
Q510005,대신 2X 아연선물 ETN(H)
Q510006,대신 인버스 니켈선물 ETN(H)
Q510007,대신 2X 니켈선물 ETN(H)
Q520002,미래에셋 차이나 대표주 15 ETN(H)
Q520003,미래에셋 원자재 선물 ETN(H)
Q520004,미래에셋 전기전자 Core5 ETN
Q520005,미래에셋 인버스 전기전자 Core5 ETN
Q520006,미래에셋 에너지화학 Core5 ETN
Q520007,미래에셋 인버스 에너지화학 Core5 ETN
Q520009,미래에셋 레버리지 원유선물혼합 ETN(H)
Q520010,미래에셋 원유선물혼합 ETN(H)
Q520011,미래에셋 인버스 원유선물혼합 ETN(H)
Q520012,미래에셋 호주 ASX200 ETN(H)
Q520013,미래에셋 Q150 Core5 ETN
Q520014,미래에셋 미디어엔터 Core5 ETN
Q520015,미래에셋 인버스 미디어엔터 Core5 ETN
Q520016,미래에셋 K200 C-SP 1803-01 ETN
Q520017,미래에셋 K200 C-SP 1803-02 ETN
Q520018,미래에셋 K200 P-SP 1803-01 ETN
Q520019,미래에셋 K200 P-SP 1803-02 ETN
Q520020,미래에셋 미국 시니어론 100 ETN(H)
Q520021,미래에셋 미국 시니어론 100 ETN
Q520022,미래에셋 K200 Call 1809-01 ETN
Q520023,미래에셋 K200 Call 1809-02 ETN
Q530002,삼성 인버스 China A50 선물 ETN(H)
Q530003,삼성 모멘텀 탑픽 ETN
Q530004,삼성 화장품 테마주 ETN
Q530005,삼성 바이오 테마주 ETN
Q530006,삼성 음식료 테마주 ETN
Q530007,삼성 레저 테마주 ETN
Q530008,삼성 미디어 테마주 ETN
Q530009,삼성 증권 테마주 ETN
Q530010,삼성 건축자재 테마주 ETN
Q530011,삼성 온라인쇼핑 테마주 ETN
Q530012,삼성 화학 테마주 ETN
Q530013,삼성 KTOP30 ETN
Q530014,삼성 China A50 선물 ETN(H)
Q530015,삼성 미국 대형 성장주 ETN(H)
Q530016,삼성 미국 대형 가치주 ETN(H)
Q530017,삼성 미국 중소형 성장주 ETN(H)
Q530018,삼성 미국 중소형 가치주 ETN(H)
Q530019,삼성 미국 대형 성장주 ETN
Q530020,삼성 미국 대형 가치주 ETN
Q530021,삼성 미국 중소형 성장주 ETN
Q530022,삼성 미국 중소형 가치주 ETN
Q530023,삼성 레버리지 China A50 선물 ETN(H)
Q530024,삼성 인도 Nifty50 선물 ETN(H)
Q530025,삼성 인버스 인도 Nifty50 선물 ETN(H)
Q530026,삼성 레버리지 인도 Nifty50 선물 ETN(H)
Q530028,삼성 K200 C-SP 1803-01 ETN
Q530029,삼성 K200 P-SP 1803-01 ETN
Q530030,삼성 K200 Call 1803-01 ETN
Q530031,삼성 레버리지 WTI원유 선물 ETN
Q530032,삼성 Cushing 에너지인프라 MLP ETN
Q530033,삼성 Alerian 에너지인프라 MLP ETN
Q530034,삼성 K200 Call 1807-01 ETN
Q530035,삼성 K200 Call 1807-02 ETN
Q530036,삼성 인버스 2X WTI원유 선물 ETN
Q530037,삼성 레버리지 천연가스 선물 ETN
Q530038,삼성 인버스 2X 천연가스 선물 ETN
Q530039,삼성 K200 Call 1811-01 ETN
Q530040,삼성 K200 Call 1811-02 ETN
Q530041,삼성 KQ150 Call 1901-01 ETN
Q530042,삼성 KQ150 Call 1901-02 ETN
Q530043,삼성 KQ150 Call 1901-03 ETN
Q530044,삼성 KQ150 Put 1901-01 ETN
Q530045,삼성 KQ150 Put 1901-02 ETN
Q550001,QV Big Vol ETN
Q550002,QV WISE 배당 ETN
Q550003,QV 스마트리밸런싱 250/3 ETN
Q550004,QV 롱숏 K150 매수 로우볼 매도 ETN
Q550005,QV 에너지 TOP5 ETN
Q550006,QV 내수소비 TOP5 ETN
Q550007,QV 조선 TOP5 ETN
Q550008,QV 소프트웨어 TOP5 ETN
Q550009,QV 하드웨어 TOP5 ETN
Q550010,QV 운송 TOP5 ETN
Q550011,QV 자동차 TOP5 ETN
Q550012,QV 의료 TOP5 ETN
Q550013,QV 화학 TOP5 ETN
Q550014,QV 바이오 TOP5 ETN
Q550015,QV 제약 TOP5 ETN
Q550016,QV 건설 TOP5 ETN
Q550018,QV CHINEXT ETN(H)
Q550019,QV 전기차 테마 ETN
Q550020,QV 2차전지 테마 ETN
Q550021,QV 핀테크 테마 ETN
Q550022,QV 사물인터넷 테마 ETN
Q550023,QV 고령화 테마 ETN
Q550024,QV 수자원 테마 ETN
Q550025,QV HMR 테마 ETN
Q550026,QV KTOP30 ETN
Q550027,QV 농업 테마 ETN
Q550029,QV 대체에너지 테마 ETN
Q550030,QV OLED 테마 ETN
Q550031,QV 항공우주 테마 ETN
Q550032,QV 방위산업 테마 ETN
Q550033,QV 스마트리밸런싱 260/4 ETN
Q550034,QV K200 C-SP 1804-01 ETN
Q550035,QV K200 P-SP 1804-01 ETN
Q550036,QV K200 Butterfly 1804-01 ETN
Q550037,QV K200 Condor 1804-01 ETN
Q550038,QV K200 C-SP 1805-01 ETN
Q550039,QV K200 P-SP 1805-01 ETN
Q550040,QV K200 Condor 1805-01 ETN
Q550041,QV 미국 IT TOP5 ETN(H)
Q550042,QV 레버리지 WTI원유 선물 ETN(H)
Q550043,QV 인버스 레버리지 WTI원유 선물 ETN(H)
Q550044,QV 레버리지 S&P500 ETN
Q550045,QV 인버스 레버리지 S&P500 ETN
Q570003,TRUE 빅5 동일가중 ETN
Q570004,TRUE 인버스 유로스탁스50 ETN(H)
Q570005,TRUE 목표변동성20 코스피선물 ETN
Q570006,TRUE 인버스 차이나H ETN(H)
Q570007,TRUE 위안화 중국5년국채 ETN
Q570008,TRUE 섹터탑픽 ETN
Q570009,TRUE 코리아프리미어 ETN
Q570010,TRUE 엔선물 ETN
Q570011,TRUE 레버리지 엔선물 ETN
Q570012,TRUE 인버스 엔선물 ETN
Q570013,TRUE 유로선물 ETN
Q570014,TRUE 인버스 유로선물 ETN
Q570015,TRUE 다우존스 지속가능경영 코리아 ETN
Q570016,TRUE K200 C-SP 1803-01 ETN
Q570017,TRUE K200 Condor 1803-01 ETN
Q570019,TRUE 코스피 양매도 ETN
Q570020,TRUE 코스피 커버드콜 ETN B
Q570021,TRUE 코스피 커버드풋 ETN B
Q570022,TRUE 레버리지 S&P500 선물 ETN(H)
Q570023,TRUE 인버스 2X S&P500 선물 ETN(H)
Q570024,TRUE 코스피 타겟볼20 ETN
Q580003,KB Monthly Best 11 ETN
Q580004,KB KQ Monthly Best 11 ETN
Q580005,KB 우량주 Monthly Best 11 ETN
Q580006,KB KTOP30 ETN
Q580007,KB KQ 우량주30 ETN
Q590001,미래에셋 미국 바이백 ETN(H)
Q590002,미래에셋 일본 바이백 ETN(H)
Q590003,미래에셋 유럽 대형주 ETN(H)
Q590004,미래에셋 유럽 중형주 ETN(H)
Q590005,미래에셋 일본 대형주 ETN(H)
Q590006,미래에셋 일본 중형주 ETN(H)
Q590007,미래에셋 미국 대형주 ETN(H)
Q590008,미래에셋 미국 중형주 ETN(H)
Q590009,미래에셋 미국 항공우주 ETN(H)
Q590010,미래에셋 레버리지 S&P500 ETN(H)
Q590011,미래에셋 인버스 S&P500 ETN(H)
Q590012,미래에셋 글로벌 리츠 ETN(H)
Q590013,미래에셋 미국 리츠 ETN(H)
Q590016,미래에셋 미국 헬스케어 ETN(H)
Q590017,미래에셋 미국 고배당주 ETN(H)
Q590018,미래에셋 중국 심천 100 ETN
